1/500 Railway Parade, Allawah, 2218
44 Smiths Ave, Hurstville 2220
9 Vine Street Hurstville, NSW, 2220
42 Hillcrest Avenue, Hurstville, 2220, New South Wales
3 Weston Road Hurstville 2220 NSW 
104A George Street South Hurstville 2221 NSW 
2 Nicholson Street, Penshurst NSW 2222
100 Penshurst Street, Penshurst, 2222
15 Booragul St, Beverly Hills, NSW 2209

4 Hart Street, Tempe NSW 2044
3 Undercliffe Rd, Earlwood, 2206
176 Homer Street, Earlwood, NSW 2206

289 Connells Point Rd, Connells Point. 2221

25 Belarada Close, Bangor - to padstow ~10 min drive
81 Windsor Rd Padstow NSW 2211 - riverwood area (between bankstown and hurstville)
145 Bransgrove Road Panania 2213 Sydney NSW Australia
